MF736947.1.<1.>588	1887259	species	Zaphne borealis
JX952190.1.<1.>1136	870440	species	Anterastes antitauricus
KR591791.1.<1.>606	43737	no rank	Aschiza
OK347960.1.<1.>620	242808	species	Scarus oviceps
GU701675.1.<1.>624	1569774	species	Neoneuromus orientalis
MG344573.1.<1.>443	3120983	species	Calpodes placens
PP790945.1.<49199.50047	5317	family	Polyporaceae
KR726032.1.<1.>588	1483927	species	Eucnecosum brunnescens
MG059817.1.<1.>564	1309380	species	Ochthebius uniformis
KR144267.1.<1.>628	151312	species	Macrothylacia rubi
KR042424.1.<1.>564	1401702	species	Orosius argentatus
KR388091.1.<1.>562	191634	species	Procladius villosimanus
OM553436.1.<1.>658	356845	species	Asteromyia carbonifera
OM575809.1.<1.>658	318701	species	Chrysomya latifrons
MG289597.1.<1.>588	1856222	species	Gargetta divisa
MW459933.1.<1.>658	1842060	species	Eucarinogammarus wagii
KR389261.1.<1.>591	1459866	species	Platycheirus carinatus
HM573685.1.<1.>701	198953	species	Achrysocharoides cilla
MG465657.1.<1.>567	1635115	species	Acrapex unicolora
KM954033.1.<1.>576	203782	species	Celastrina argiolus
KR646231.1.<1.>658	1236751	species	Sarcophaga macroauriculata
HM378012.1.<1.>658	795085	species	Pterostichus jurinei
HM882297.1.<1.>658	2561593	species	Peribatodes abstersaria
MF764069.1.<1.>576	2758988	species	Emmesomyia collaris
HM390524.1.<1.>658	1374418	species	Idalima leonora
MG444058.1.<1.>488	328867	species	Ochlodes sylvanoides
MF901260.1.<1.>582	1622308	species	Agrothereutes abbreviatus
KT129376.1.<1.>658	1101025	species	Ocnerostoma friesei
KM848233.1.<1.>658	198725	species	Drosophila subquinaria
KY994091.1.<1.>641	2006196	species	Anastrepha atrox
OR298078.1.<1.>651	1208011	species	Alsophylax pipiens
JN280851.1.<1.>658	95490	species	Anastrepha amita
KY128965.1.<1.>646	31228	species	Pseudosuccinea columella
KJ392324.1.<1.>594	689098	species	Neoligia crytora
MW488824.1.<1.>658	864528	species	Culex neavei
MF705206.1.<1.>531	301166	species	Euphilotes battoides
KT128424.1.<1.>582	1291787	species	Helina fulvisquama
JX962139.1.<1.>653	13515	species	Eulemur fulvus
MH779627.1.5329.6873	32523	clade	Tetrapoda
KR444804.1.<1.>658	2211619	species	Boletina palmata
JN267132.1.<1.>658	304241	species	Tabanus bromius
OR841558.1.<1.>675	8128	species	Oreochromis niloticus
OM158284.1.<1.>1493	33392	cohort	Endopterygota
KR449380.1.<1.>562	714778	species	Eusarca nemora
MW146061.1.<1.>548	574535	species	Peripatopsis sedgwicki
KR748977.1.<1.>620	1719761	species	Meromyza ornata
KM620695.1.<1.>589	629757	species	Wyeomyia melanocephala
OM555043.1.<1.>658	948388	species	Cosmetura nigrogeniculata
MT231168.1.<1.>658	468778	species	Pegesimallus laticornis
DQ019090.1.<1.225	332661	species	Anisomys imitator
MK091039.1.<1.>825	2582716	genus	Nurus
MN608422.1.<1.>621	676960	species	Marcia hiantina
MG109174.1.<1.>591	876068	species	Pyrgus andromedae
MG117968.1.<1.>576	166369	species	Gymnopleurus mopsus
OL397124.1.<1.>371	1674393	species	Camissecla melma
LC781812.1.<1.>701	2982239	species	Onycholyda armata
MN135073.1.<1.>658	458933	species	Pheidole flavens
PP275077.1.<1.>638	518797	species	Amiota latitabula
HQ149543.1.<1.>638	1087485	species	Kentrochrysalis sieversi
KT086973.1.<1.>588	1291786	species	Helina flavisquama
KJ966043.1.<1.>658	347419	species	Omalium rivulare
MF906919.1.<1.>585	2495264	species	Tachysphex difficilis
KR096383.1.<1.>614	229835	species	Chamobates cuspidatus
KR224382.1.<1.>544	682770	species	Loxura atymnus
KR889571.1.<1.>582	1441537	species	Idaea joannisiata
MF508664.1.<1.>631	202609	species	Carcharhinus falciformis
KR342975.1.<1.>555	441325	species	Pontia daplidice
MN372268.1.<1.>526	38117	species	Dactylopius confusus
MG894314.1.<1.>658	2681047	species	Stenomorphus californicus
KR600328.1.<1.>636	1812703	species	Atylotus miser
EU398832.1.<1.>655	2599778	species	Planonasus indicus
KX054284.1.<1.>658	1417287	species	Phaneta ochrocephala
MN720444.1.5406.6956	264556	species	Hapalochlaena fasciata
GQ868216.1.<1.>706	375352	species	Maritrema novaezealandense
LC701141.1.<1.>723	50516	genus	Cybister
KR436141.1.<1.>579	2715013	species	Lestodiplosis pinei
KF391460.1.<1.>374	1113283	species	Midila guianensis
MF915225.1.<1.>600	52000	species	Steganacarus magnus
MG355241.1.<1.>440	321861	species	Trichogrammatoidea armigera
KR195112.1.<1.>580	116135	species	Hypaurotis quercus
MH254025.1.<1.>657	485666	species	Nemoria lixaria
KM965925.1.<1.>612	401645	species	Orthocladius dorenus
MG025112.1.<1.>627	39707	genus	Junonia
KM836837.1.<1.>601	88399	species	Culicoides imicola
KU220188.1.<1.>268	309911	species	Pseudoplatystoma corruscans
KR394330.1.<1.>543	113150	species	Trichopalpus punctipes
LC319434.1.<1.>625	1081945	species	Basiaeschna janata
KR292825.1.<1.>591	1667280	species	Cricotopus wangi
OQ564016.1.<1.>658	214343	species	Scopula limboundata
KM919497.1.<1.>589	62324	species	Anopheles funestus
PP148660.1.<1.>651	2578501	species	Conchapelopia melanops
GU206190.1.<1.>636	1372348	species	Cryptophasa alphitodes
MH123939.1.<1.>603	2927062	species	Porphyra luchea
MG438601.1.<1.>609	55100	species	Dendroides canadensis
JQ982096.1.<1.>1240	6656	phylum	Arthropoda
GU232724.1.<1.>710	104777	species	Brachionus calyciflorus
KP040837.1.<1.>634	1740197	species	Eumerus feae
MH940304.1.<1.>582	1916785	species	Sicyopus zosterophorus
KM111659.1.<1.>621	637858	species	Ypthima multistriata
KM952697.1.<1.>577	1897866	species	Boletina minuta
MF711536.1.<1.>658	292403	species	Themira nigricornis
ON024189.1.<1.>1003	2175333	species	Osedax talkovici
PP571333.1.<1.>1493	33340	infraclass	Neoptera
KM559929.1.<1.>575	1588575	species	Pachytychius haematocephalus
AB266309.1.<1.>616	911356	species	Mithrax pleuracanthus
MN354022.1.<1.>624	533011	species	Xenograpsus testudinatus
MF873819.1.<1.>549	2079219	species	Parathalassius midas
KT088064.1.<1.>588	686601	species	Megaselia rufipes
OP418171.1.<1.>658	3416816	species	Perlodinella microlobata
JF682883.1.<1.>580	88556	species	Trialeurodes vaporariorum
HM017498.1.<1.>537	984412	species	Dicranotropis hamata
KJ444623.1.<1.>627	1918225	species	Cleonice callida
KR201774.1.<1.>611	2338577	species	Monardia abnormis
OR597508.1.1366.2901	33392	cohort	Endopterygota
KM377934.1.<1.>704	7038	species	Bemisia tabaci
PQ816112.1.<1.>680	1488992	species	Xestia inuitica
KR746529.1.<1.>658	1875403	species	Goera squamifera
HM377335.1.<1.>658	695564	family	Erebidae
MG932214.1.<1.>593	321859	species	Trichogramma achaeae
MW378531.1.<1.>807	2806242	species	Psectrotanypus varius
CP006555.1.13697.13865,16314.16866,17877.18056,19520.20222	4932	species	Saccharomyces cerevisiae
JQ344830.1.<1.>614	354864	species	Cobalus fidicula
KM550658.1.<1.>632	3422625	species	Spilogona aestuarium
KM636242.1.<1.>578	1371144	species	Aporocosmus lamprodeta
HQ708267.1.<1.>680	4783	genus	Phytophthora
MF812791.1.<1.>351	280392	species	Drassodes lapidosus
KM532349.1.<1.>548	1875946	species	Psychomyia minima
MF641192.1.<1.>555	33392	cohort	Endopterygota
DQ348693.1.<1.>625	1151013	species	Anthomyia illocata
PV962078.1.<1.>658	1652498	species	Toxorhynchites towadensis
MK300965.1.<1.>579	8230	species	Sarda orientalis
AF397660.1.<1.>420	3246422	species	Tanychlamys caverna
PP715929.1.<1.>657	2680235	species	Choristoneura houstonana
MK329588.1.1.>678	1642252	species	Migonemyia migonei
KF984278.1.<1.>624	1358733	species	Lycodes japonicus
KR294880.1.<1.>578	994291	species	Microtendipes pedellus
KU889992.1.<1.>677	314357	species	Ceratitis anonae
JQ534373.1.<1.>621	517707	species	Poliopastea clavipes
KY441767.1.<1.>651	1987651	species	Megaselia ruficornis
HM428644.1.<1.>658	591984	species	Rhyacophila aquitanica
LC490471.1.<1.>658	2561900	species	Planosiphon gracilis
MT933070.1.<1.>358	637729	species	Sicydium buscki
PV245192.1.<1.>658	2041372	species	Calolydella interrupta
KX105305.1.<1.>658	2048882	species	Bucculatrix mirnae
KX293784.1.<1.>658	1875139	species	Anisocentropus pan
MK759320.1.<1.>658	2972370	species	Ellescus michaeli
GU683566.1.<1.>658	1659930	species	Emblyna phylax
MG117314.1.<1.>658	596664	species	Thecla betulae
ON428621.1.<1.>1534	33392	cohort	Endopterygota
KM855174.1.<1.>613	34613	species	Ixodes ricinus
KF653188.1.<1.>655	236801	species	Eoreuma loftini
AF227648.1.<1.>1038	49290	species	Carabus nemoralis
MW974683.1.<1.>626	112233	species	Mustelus punctulatus
KM614788.1.<1.>571	417488	species	Chrysoperla pudica
KM009058.1.<611.>1	134542	species	Ampithoe longimana
KR591894.1.<1.>573	1720651	species	Corynoptera melanochaeta
MF702949.1.<1.>588	203779	species	Phengaris arion
MH926582.1.<1.>658	65311	species	Diplazon laetatorius
KT102689.1.<1.>576	164545	species	Pareledone turqueti
HQ546809.1.<1.>658	2005329	species	Tapinoma magnum
KM970400.1.<1.>561	466580	species	Pteronarcys sachalina
KF946871.1.<1.>693	48155	species	Sylvia atricapilla
AB440033.1.<1.>474	1208507	species	Coccus penangensis
PP812219.1.<74648.75877	716546	clade	leotiomyceta
KM449374.1.<1.>658	1588297	species	Ontholestes haroldi
KM867878.1.<1.>612	859961	species	Feraxinia nyei
OQ477976.1.<1.>312	267826	species	Dialeurodes hongkongensis
KR459431.1.<1.>630	1720651	species	Corynoptera melanochaeta
KF396176.1.<1.>658	620494	species	Neptunea ithia
MN408624.1.<1.>657	709164	species	Mocis latipes
LC307204.1.<1.>784	614519	species	Platycerus hongwonpyoi
KR638856.1.<1.>576	378388	species	Catopsilia pyranthe
MT323665.1.<1.>652	1916790	species	Talismania antillarum
KR160670.1.<1.>582	288871	species	Micropsectra roseiventris
MT037952.1.<1.>564	321407	species	Trimerotropis pallidipennis
PV738054.1.<1.>678	580359	species	Miletus symethus
GU712812.1.<1.>657	1124549	species	Syrphus ribesii
FJ819867.1.<1.>658	462257	species	Phortica okadai
PP000117.1.<1.>456	700880	species	Tipula triplex
EU243825.1.<1.>687	43151	species	Anopheles darlingi
FJ158951.1.<1.>554	107018	species	Wiseana signata
OQ889160.1.5343.>6787	2003782	species	Stephanorhinus kirchbergensis
KC185753.1.<1.>690	217634	species	Anoplophora glabripennis
KR717477.1.<1.>537	42028	species	Drosophila limbata
MW093414.1.<1.>658	1663088	species	Botanophila discreta
KX107613.1.<1.>658	1587011	species	Anisodactylus signatus
OM593058.1.<1.>658	3376713	species	Campylomyza cornuta
MT614073.1.<1.>592	500707	species	Dioryctria mendacella
MN363235.1.<1.>658	2546108	species	Abantiades argentata
PV656097.1.<1.>590	6960	subphylum	Hexapoda
KM617232.1.<1.>563	611560	species	Oliveridia tricornis
MN311069.1.<1.>654	997031	species	Pseudopolydora achaeta
MN360476.1.<1.>611	307030	species	Cherokia georgiana
MG128273.1.<1.>579	2664677	species	Pseudolycoriella wernermohrigi
MF717344.1.<1.>561	1051990	species	Endochironomus tendens
MT040671.1.<1.>559	1615861	species	Westralunio carteri
PP537989.1.<1.>1026	6185	species	Schistosoma haematobium
KR729519.1.<1.>549	611450	species	Corynoneura scutellata
KX433184.1.<1.>620	1385261	species	Heptamelus dahlbomi
HQ004978.1.<1.>658	1448916	species	Scrobipalpa acuminatella
MN720308.1.<1.>629	31228	species	Pseudosuccinea columella
MT165281.1.<1.>999	41197	parvorder	Heteroneura
KR394294.1.<1.>575	1692336	species	Azelia triquetra
KR038269.1.<1.>525	1631363	species	Leucophenga meijerei
MF731800.1.<1.>588	611657	species	Smittia edwardsi
KF200667.1.<1.>274	605728	species	Camponotus nylanderi
KR489195.1.<1.>561	1770667	species	Podabrus tricostatus
GU663880.1.<1.>658	696404	species	Galba meridensis
OQ992095.1.<1.>461	1483082	species	Oxynoemacheilus insignis
MG784265.1.<1.>680	7246	species	Drosophila affinis
MH242682.1.<1.>658	63515	species	Boltenia villosa
JF436307.1.<1.>657	268758	species	Nectogale elegans
OQ512526.1.<1.>606	1987607	species	Megaselia ciliata
JF309532.1.<1.>473	87785	species	Atherina boyeri
MZ798614.1.<1.>540	261894	species	Jehlius cirratus
KX857342.1.6262.7812	32523	clade	Tetrapoda
KR768299.1.<1.>360	657626	species	Boettcheria cimbicis
PP506657.1.<1.>827	1276546	species	Zelus panamensis
FJ262296.1.<1.>982	1384709	species	Pamphilius varius
HQ997979.1.<1.>298	2364092	species	Chamaetylas poliocephala
KR951663.1.<1.>622	1678863	species	Ozirhincus millefolii
MK918849.1.<1.>639	37570	superfamily	Noctuoidea
KR500060.1.<1.>558	586676	species	Aedes koreicus
OQ486538.1.<1.>312	33408	species	Orseolia oryzae
KT986409.1.<1.>661	204738	species	Keratella cochlearis
KM897012.1.<1.>579	1126389	species	Ectemnius continuus
OM403266.1.<1.>1326	1028770	species	Simulium fibrinflatum
JQ540357.1.<1.>658	2107612	species	Endotricha kuznetzovi
MH619010.1.<1.>540	2269459	species	Propetes schmidti
KR281670.1.<1.>624	1740914	species	Dicranomyia longipennis
EU147426.1.<1.1321	33392	cohort	Endopterygota
HM051872.1.<1.1407	33392	cohort	Endopterygota
OR114268.1.<1.>535	1892728	species	Cypselurus oligolepis
OQ532753.1.<1.>658	195533	species	Psychodopygus panamensis
KF598824.1.<1.>642	1204389	species	Bangana ariza
MZ483357.1.<1.>658	2921027	species	Rhyncaphytoptus fengi
MG064300.1.<1.>514	50432	species	Ascalapha odorata
MG473229.1.<1.>408	1124526	species	Melanostoma fasciatum
MG769094.1.<1.>634	1116904	species	Hamadryas iphthime
MZ634094.1.<1.>658	878062	species	Longitarsus anchusae
MG440306.2.<1.>643	53593	species	Trichogramma platneri
KR381000.1.<1.>593	273824	species	Aegla paulensis
MF936519.1.<1.>549	1473638	species	Erythroneura rubrella
JN602850.1.<1.>652	1310321	species	Sphragifera biplagiata
KR379173.1.<1.>555	1943891	species	Olophrum latum
KR142861.1.<1.>576	1897149	species	Taeniothrips orionis
MF932478.1.<1.>546	1483935	species	Stereocerus haematopus
MF885290.1.<1.>658	1291928	species	Phaonia subfuscinervis
KM643797.1.<1.>633	7165	species	Anopheles gambiae
KT323966.1.<1.>704	119041	species	Takifugu xanthopterus
KR413180.1.<1.>591	1557872	species	Nadagara xylotrema
KR980127.1.<1.>531	2217904	species	Mycetophila signatoides
JF895592.1.<1.>622	1101132	species	Neofaculta infernella
MZ608080.1.<1.>623	166369	species	Gymnopleurus mopsus
DQ433106.1.<1.>576	95650	species	Pipilo maculatus
AF066980.1.<1.>333	85665	species	Bombus mesomelas
KU313501.1.<1.>619	1666999	species	Johngarthia lagostoma
MG468764.1.<1.>576	1821806	species	Cephalops aeneus
GU806354.1.<1.>632	1622213	species	Ophiura robusta
OM603915.1.<1.>658	2868003	species	Onthophagus aethiopicus
MG313626.1.<1.>658	1220549	species	Amphibalanus improvisus
MF869788.1.<1.>588	994300	species	Prosimulium mixtum
MW278074.1.<1.>658	31228	species	Pseudosuccinea columella
HM064693.1.<1.>463	116844	genus	Diplostomum
KR631693.1.<1.>588	115683	species	Panorpa acuta
LC860042.1.<1.>659	3025950	species	Zygina rhamni
OR459066.1.<1.>616	1692337	species	Bicellaria furcifer
MK227716.1.<1.>533	6720	species	Pacifastacus leniusculus
JF877367.1.<1.>658	2820131	species	Diogenes curvimanus
KR953677.1.<1.>606	1073593	species	Scythris empetrella
GU571424.1.<1.>723	9109	family	Gruidae
LC104313.1.<1.>650	166586	species	Aedes flavopictus
KX039471.1.<1.>620	320892	species	Orthetrum sabina
MF829926.1.<1.>579	1352494	species	Platycheirus hyperboreus
KT114080.1.<1.>579	288862	species	Micropsectra schrankelae
MG365577.1.<1.>585	929977	species	Arhopala japonica
OM597995.1.<1.>558	29053	species	Copidosoma floridanum
KU912630.1.<1.>658	1464861	species	Cuerna obesa
KP878189.1.<1.>584	943244	species	Monodelphis glirina
MH338754.1.<1.>658	652864	species	Galathea mauritiana
HM413118.1.<1.>658	74873	species	Anopheles sinensis
KR761902.1.<1.>576	1692355	species	Conchapelopia telema
KR384187.1.<1.>575	13632	species	Lucilia sericata
KM849498.1.<1.>633	395082	species	Enochrus quadripunctatus
GU224971.1.<1.>648	182418	genus	Myrophis
KR876172.1.<1.>546	1374143	species	Heteroteucha rhoecosema
KR873490.1.<1.>658	655055	species	Dalcerides ingenita
OR462934.1.<1.>642	1897212	species	Apallates particeps
MH431262.1.<1.>633	256108	species	Chiton olivaceus
KM915160.1.<1.>574	1891104	species	Ceromasia aurifrons
MK265344.1.<1.>592	41429	species	Anopheles maculipennis
HM433826.1.<1.>607	1053785	species	Trichodes nutalli
MF713700.1.<1.>658	33397	species	Chironomus plumosus
MW283841.1.<1.>642	103765	species	Drosophila bocki
AB632558.1.<1.>658	34613	species	Ixodes ricinus
PP180049.1.<1.>657	1690334	species	Laphria index
MG416635.1.<1.>658	1385277	species	Monophadnus monticola
KR690295.1.<1.>591	1969933	species	Dichelacera cervicornis
KM861462.1.<1.>633	34613	species	Ixodes ricinus
OQ579553.1.<1.>647	3065406	species	Fletcherimyia rileyi
KR581498.1.<1.>602	2929893	species	Chalcosyrphus chalybeus
KR569822.1.<1.>549	1100979	species	Epiblema foenella
JX017834.1.<1.>1440	33392	cohort	Endopterygota
MK628576.1.<1.>424	32263	genus	Tetranychus
MN942813.1.<1.>658	74873	species	Anopheles sinensis
GU014049.1.<1.>657	168636	species	Eisenia andrei
GU669173.1.<1.>643	206113	species	Anopheles peditaeniatus
OM586894.1.<1.>582	1817655	species	Sciara hebes
MK057513.1.<1.>664	700369	species	Ablabesmyia monilis
MF870828.1.<1.>588	2867170	species	Hydrotaea pandellei
KR581544.1.<1.>658	2026149	species	Argynnis coronis
HM164525.1.<1.>620	1291787	species	Helina fulvisquama
KT140112.1.<1.>591	687054	species	Perispasta caeculalis
KM641331.1.<1.>579	1553837	species	Miscodera arctica
KX603702.1.<686.>1	1882846	species	Carcinops torquatus
PQ770709.1.<1.>826	2083550	species	Catops simplex
OQ562048.1.<1.>658	1352472	species	Platycheirus rosarum
OM830120.1.<1.>658	50033	species	Drosophila kanekoi
PV067783.1.<1.>741	6248	species	Strongyloides stercoralis
FR693850.1.<1.>658	1981004	species	Columbella rustica
LC549766.1.<1.>476	55018	species	Shinkailepas tollmanni
MW431122.1.<1.>808	2798375	species	Euryphura togoensis
KP229832.1.<1.>700	906883	species	Argas walkerae
KF447008.1.<1.>694	115696	genus	Ptilinopus
MH045624.1.<1.>780	101732	species	Prodoxus coloradensis
KR460552.1.<1.>612	355044	species	Panoquina lucas
MF607343.1.<1.>477	1602981	species	Entomobrya atrocincta
OK042149.1.<1.>658	3398445	species	Agonopterix gibbosa
MG310953.1.<1.>588	3056971	species	Eugryllacris ruficeps
MG741109.1.<1.>659	135895	species	Aleochara sparsa
KR254288.1.<1.>549	1218018	species	Archiborborus annulatus
MF902947.1.<1.>608	108727	species	Diglyphus isaea
MZ482586.1.<1.>658	2921001	species	Apodiptacus castaneae
OQ308340.1.<1.>684	622765	species	Colias elis
KR759406.1.<1.>543	33392	cohort	Endopterygota
MF373455.1.<1.>130	3403836	species	Gastrozona soror
MH838398.1.<1.>574	248198	species	Ameletus browni
MF745178.1.<1.>558	717296	species	Mesosemia grandis
AB813088.1.<1.>535	1553587	species	Notiophilus aestuans
DQ105554.1.<1.326	72792	species	Cataglyphis cursor
JQ950203.1.<658.>1	1291787	species	Helina fulvisquama
MG213801.1.<1.>604	401861	genus	Galba
OM611071.1.<1.>658	1430599	species	Metallarcha beatalis
KR373970.1.<1.>573	860923	species	Ceraphron bispinosus
KX656885.1.<1.>707	466964	species	Hiodon tergisus
JN844703.1.<1.>700	156948	species	Ilybius ater
KR487051.1.<1.>588	1971261	species	Abdera flexuosa
AB736047.1.<1.>900	32263	genus	Tetranychus
KX985214.1.<1.>636	174284	species	Zonosaurus ornatus
OP861619.1.<1.>435	396694	species	Brachionus diversicornis
MG057093.1.<1.>579	1896613	species	Philhygra palustris
EF685040.1.<1.>843	7938	species	Anguilla rostrata
MF711399.1.<1.>567	2863696	species	Hydrotaea borussica
MK305308.1.<1.>654	471059	species	Mechanitis lysimnia
KR770670.1.<1.>638	1870664	species	Leucochlaena oditis
KF920077.1.<1.>407	1464790	species	Carsonus irroratus
KR727230.1.<1.>564	185578	species	Anopheles nili
JQ601520.1.<1.>657	1488985	species	Ulolonche modesta
FJ775269.1.<1.771	407105	species	Parafontaria tonominea
JQ175823.1.<1.>652	315380	species	Piculus flavigula
KM958191.1.<1.>567	1206047	species	Culex bahamensis
OM600226.1.<1.>658	1332548	species	Nephodia clara
ON319103.1.<1.>382	102285	species	Rodentolepis nana
KR788769.1.<1.>591	1660678	species	Poecilocampa alpina
KR240464.1.<1.>561	1209556	species	Nomophila noctuella
FJ768233.1.<1.>548	679165	species	Donax hanleyanus
KR462347.1.<1.>588	1869434	species	Agriphila deliella
PV673648.1.<1.>313	255486	species	Litiopa melanostoma
PP476461.1.<1.>655	1448894	species	Blastobasis maroccanella
HM381161.1.<1.>658	161770	species	Plectrocnemia conspersa
KP977936.1.<1.>430	1903275	species	Macoma balthica
KY207894.1.<1.>627	1414497	species	Paratriacanthodes retrospinis
MH626430.1.<1.>655	696403	species	Galba cousini
MK978183.1.<1.>657	572776	species	Idaea dimidiata
PP982821.1.<1.>591	3139893	species	Osedax nataliae
KR212208.1.<1.>592	1666667	species	Phtheochroa aegrana
MK572273.1.<1.>655	182800	species	Labeo angra
KY834199.1.<1.>658	315565	species	Orthocladius glabripennis
KU380404.1.<1.>658	28624	species	Aedes atropalpus
KR165432.1.<1.>591	2683768	species	Aroga mesostrepta
MW200824.1.<1.>658	599596	species	Eucera tenuifasciata
KM937498.1.<1.>632	2664677	species	Pseudolycoriella wernermohrigi
DQ231217.1.<777.>1	36162	genus	Aquarius
KF525881.1.<1.>438	501318	species	Phaethornis mexicanus
KR442345.1.<1.>647	2882193	species	Lasconotus jelskii
KM834725.1.<1.>614	107017	species	Wiseana mimica
JQ013800.1.<1.>651	83875	species	Trachurus japonicus
KM946774.1.<1.>621	173086	species	Ochlerotatus epactius
MF722229.1.<1.>588	994291	species	Microtendipes pedellus
KM450088.1.<1.>658	1425565	species	Galeruca interrupta
HM885376.1.<1.>658	522816	species	Elibia dolichus
HQ544676.1.<1.>664	1883120	species	Crusticorallina adhaerens
OP964287.1.<1.>601	7167	species	Anopheles albimanus
FJ493612.1.<1.>473	373794	species	Odontomachus troglodytes
KR283803.1.<1.>540	994293	species	Orthocladius carlatus
ON586718.1.<1.>688	6133	superfamily	Pennatuloidea
HM416256.1.<1.>658	254282	species	Hydroporus occidentalis
OL468718.1.<1.>423	2714676	species	Phasmarhabditis californica
MG487281.1.<1.>449	1473614	species	Belyta validicornis
OP531166.1.<1.>658	1558294	species	Syllepte nigriscriptalis
KR169882.1.<1.>572	2488556	species	Rohdendorfia bella
MK767378.1.<1.>658	2972370	species	Ellescus michaeli
MG297004.1.<1.>594	1740900	species	Actia diffidens
HM424095.1.<1.>571	3056723	species	Telegonus alardus
HM245862.1.<1.>573	92525	species	Asellus aquaticus
PV067638.1.<1.>658	1934733	species	Tritia obsoleta
ON182731.1.<1.>580	2013347	species	Matigramma emmilta
JF778781.1.<1.>755	287701	species	Calosoma sycophanta
PP734178.1.<1.>669	644267	species	Neosarmatium fourmanoiri
KR228382.1.<1.>581	355048	species	Parphorus decora
KM286576.1.<1.>651	27772	genus	Coregonus
MZ609725.1.<1.>556	486321	species	Oxytate taprobane
DQ022050.1.<1.>511	2841070	species	Laevilacunaria antarctica
MG153987.1.<1.>588	1644007	species	Bithoracochaeta calopus
MF982479.1.<1.>655	696403	species	Galba cousini
KT305316.1.<1.>658	85310	species	Nezara viridula
OQ512303.1.<1.>606	1266972	species	Niphargus kolombatovici
KR157830.1.<1.>628	27454	species	Calliphora vomitoria
KF641973.1.<1.>658	768769	species	Minettia lupulina
KR419519.1.<1.>585	1720758	species	Stenomacrus nemoralis
MW535613.1.<1.>566	259244	species	Sylvicola alternatus
GQ482705.1.<1.>694	48155	species	Sylvia atricapilla
JN181209.1.<1.>646	1720823	species	Haplothrips verbasci
JQ277270.1.<1.>654	346700	species	Anisodactylus poeciloides
KY982200.1.<1.>1078	3119994	species	Hyposmocoma divisa
MF863619.1.<1.>564	170334	species	Synuchus dubius
MG400562.1.<1.>588	7163	species	Aedes vexans
MG086826.1.<1.>618	48374	species	Drosophila micromyia
PQ723606.1.5407.6957	117571	clade	Euteleostomi
AY996123.1.<1.>348	329454	species	Eulalia mustela
HM909647.1.<1.>592	1890075	species	Bradysia subalpina
DQ303419.1.<1.>557	2942607	species	Epicalotermes aethiopicus
JQ544016.1.<1.>594	214190	species	Lobophora nivigerata
GU145074.1.<1.>653	469749	species	Culicoides oxystoma
KP902783.1.<1.>614	1555768	species	Ecphysis robiginosa
MK188743.1.<1.>591	438488	species	Polydora cornuta
EF526037.1.<1.>168	454752	species	Ommatotriton ophryticus
HM210110.1.<1.>631	169041	species	Metarhizium guizhouense
KF461132.1.<1.>655	1489872	clade	Percomorphaceae
MT712791.1.<1.>592	552951	species	Dacus humeralis
OR459473.1.<1.>614	1828773	species	Chalcosyrphus ontario
MG314438.1.<1.>571	2049203	species	Zabuella tenellus
KR573477.1.<1.>544	190359	species	Scopula imitaria
KF815040.1.<1.>657	219410	species	Thalassoma lunare
KJ850842.1.<1.>660	1088897	species	Nassarius succinctus
KM949937.1.<1.>583	1425304	species	Anaxipha exigua
KP697176.1.<1.>713	2495456	species	Leucophenga setipalpis
JN130836.1.<1.>543	95136	species	Ranoidea nannotis
JF442217.1.<1.>521	128106	species	Proechimys cuvieri
HM914346.1.<1.>658	112267	species	Anopheles barbirostris
MG290502.1.<1.>525	193070	species	Agabus melanarius
MG031330.1.<1.>519	395083	species	Helochares obscurus
KR273212.1.<1.>561	288865	species	Micropsectra logani
KJ083614.1.<1.>619	2603988	species	Leuctra hexacantha
KJ086418.1.<1.>619	1889763	species	Balclutha rhenana
KM529856.1.<1.>579	1485798	species	Datana angusii
PP047469.1.<1.>615	288851	species	Lauterborniella agrayloides
KM622358.1.<1.>621	1387109	species	Entomobrya nivalis
MF826800.1.<1.>567	140438	species	Aedes japonicus
PQ770875.1.<1.>801	1403695	species	Cercyodes laevigatus
KT081163.1.<1.>540	2897704	species	Culicoides venezuelensis
KR205803.1.<1.>555	2484628	species	Peromyia tundrae
JF884612.1.<1.>658	559673	species	Emmesomyia grisea
KM592541.1.<1.>672	696404	species	Galba meridensis
KT002722.1.<1.>454	81835	family	Linyphiidae
OP132496.1.<1.>603	68509	species	Chauliodus sloani
GQ373697.1.<1.>655	1629544	species	Viannamyia furcata
HM744779.1.<1.>653	40349	species	Trichostrongylus axei
OP461668.1.<1.>181	1943741	species	Anisotoma amica
MW259015.1.<1.>537	1985624	species	Simulium hirtipupa
HM769254.1.<1.>655	31228	species	Pseudosuccinea columella
MF760419.1.<1.>576	1918062	species	Cylindromyia pusilla
GU162556.1.<1.>658	2049401	species	Limenitis sinensium
MZ508665.1.<1.>581	688387	species	Peridea ferruginea
PQ875201.1.13829.15398	1344810	species	Euphilotes ancilla
MK265295.1.<1.>512	43742	no rank	Calyptratae
OQ814200.1.<1.>994	104687	species	Amphitritides harpa
KP745164.1.<1.>596	702394	species	Conchoecissa ametra
PV541691.1.<1466.3004	104431	clade	Obtectomera
KU499770.1.<1.>678	70387	species	Ladona julia
KC129284.1.<1.>405	356177	species	Strabomantis bufoniformis
KM993308.1.<1.>634	1547369	species	Hybomitra illota
JX571250.1.<1.>658	690228	species	Spargaloma sexpunctata
HQ959935.1.<1.>573	2728854	species	Arge aurora
KR244473.1.<1.>555	657976	species	Arachnidomyia aldrichi
MT636095.1.5331.6878	569183	species	Stegana quadrata
KX107154.1.<1.>658	934854	species	Eupithecia lanceata
KR795548.1.<1.>542	1667473	species	Atractodes aterrimus
MN675122.1.<1.>642	498649	species	Phytomyza campestris
OR228147.1.<1.>536	573901	species	Sennertia alfkeni
KP697572.1.<1.>699	1631365	species	Leucophenga rectinervis
JQ530127.1.<1.>658	169041	species	Metarhizium guizhouense
KR506501.1.<1.>594	1824836	species	Thaduka multicaudata
LC703754.1.<1.>661	3246432	species	Odhneripisidium japonicum
KR475986.1.<1.>543	2059491	species	Psychodopygus carrerai
MG353064.1.<1.>471	7422	superfamily	Chalcidoidea
MG485352.1.<1.>465	2999115	species	Diglyphus difasciatus
JQ288066.1.<1.>623	1887260	species	Zaphne subarctica
MF742657.1.<1.>564	1266098	species	Endotricha psammitis
JX970255.1.<1.>578	1291794	species	Helina obscurata
KM544010.1.<1.>588	251639	species	Anopheles pullus
KP653592.1.<1.>541	2722740	species	Oxycanus petalous
HQ713125.1.<1.>573	309926	species	Epinephelus sexfasciatus
MH301161.1.<1.>648	51332	species	Rana graeca
MH611341.1.<1.>658	1375773	species	Pachyplocia griseata
KU844905.1.<1.>612	110924	species	Jasus paulensis
MN336905.1.<688.>1	7300	species	Scaptomyza pallida
KT148384.1.<1.>540	1140764	species	Episcepsis demonis
OP816801.1.<1.>580	473148	species	Micrathena gracilis
KR344882.1.<1.>560	2608128	species	Phoebis editha
HQ619609.1.<1.>723	433208	species	Colotes punctatus
MF846309.1.<1.>637	697243	species	Simulium lineatum
KR942934.1.<1.>525	43742	no rank	Calyptratae
MF636831.1.<1.>576	1553624	species	Oxypoda advena
KR577251.1.<1.>585	3056723	species	Telegonus alardus
OM552998.1.<1.>658	2116730	species	Vitisiella brevicauda
OM902138.1.<1.>583	3386040	species	Peyssonnelia tenuiderma
MT655101.1.<1.>555	123608	species	Peripatoides aurorbis
KU906318.1.<1.>658	878066	species	Longitarsus luridus
JF857984.1.<1.>658	1488827	species	Hadena caelestis
MN350960.1.<1.>641	204515	species	Ectrychotes andreae
MH851255.1.<1.>658	1377911	species	Scoparia anthracomochla
GU690332.1.<1.>632	1140698	species	Chilochromopsis sceletogramma
JF456958.1.<1.>657	1489872	clade	Percomorphaceae
KR373389.1.<1.>564	860923	species	Ceraphron bispinosus
PV857409.1.<1.>543	357422	species	Simulium jenningsi
OP528554.1.<1.>664	866021	species	Aleochara moerens
PP178500.1.<1.>465	304241	species	Tabanus bromius
MG308045.1.<1.>612	1740929	species	Metriocnemus brusti
JX970346.1.<1.>658	1553586	species	Nivellia sanguinosa
KM213080.1.<1.>617	497984	species	Osteobrama cotio
MF874063.1.<1.>585	7373	species	Calliphora vicina
MZ615773.1.<1.>647	126483	species	Rhabdophis nuchalis
OR352699.1.<1.>672	31228	species	Pseudosuccinea columella
GU830949.1.<1.>593	696403	species	Galba cousini
MF855325.1.<1.>582	934872	species	Idaea fuscovenosa
KP037056.1.<1.>658	139416	species	Mitoura grynea
KY078189.1.<1.>677	1664865	species	Dinotoperla fontana
MG444963.1.<1.>495	1830418	species	Pantoclis hirtistilus
KX143305.1.<1.>658	3042338	species	Cheiracanthium arcilongum
MG870240.1.1.1530	41197	parvorder	Heteroneura
OM614293.1.<1.>591	335710	species	Bradysia impatiens
PV602984.1.<1.>559	7442	species	Dolichovespula arenaria
EF181366.1.<1.>647	1649103	species	Erynnia tortricis
MG131571.1.<1.>588	3142104	species	Lyropteryx duellona
KR754795.1.<1.>621	604321	species	Chrysomya chani
KR484686.1.<1.>558	1107545	species	Adelpha serpa
KR754312.1.<1.>588	1822510	species	Criorhina nigriventris
MK768844.1.<1.>658	2972370	species	Ellescus michaeli
MF906699.1.<1.>495	1987605	species	Megaselia brevicostalis
HM436420.1.<1.>658	2792703	species	Gaujonia chiqyaq
KR435477.1.<1.>624	1464559	species	Culex hortensis
PV611468.1.<1.>658	581275	species	Paraphomia disjuncta
EU525357.1.<1.>719	37083	species	Eudyptula minor
KM962968.1.<1.>583	2752921	species	Cyclosiella spiralis
OM912251.1.<1.>651	2795572	species	Papilio ponceana
OP652155.1.<1.>580	336632	species	Anyphaena pectorosa
KC495286.1.<1.>661	104777	species	Brachionus calyciflorus
MF728697.1.<1.>588	1887259	species	Zaphne borealis
HQ165275.1.<1.>820	202102	species	Otiorhynchus armadillo
KP149178.1.<1.>658	168100	species	Rana iberica
KM861855.1.<1.>583	874455	species	Arctia plantaginis
KR038627.1.<1.>627	7167	species	Anopheles albimanus
JX535621.1.<1.>1444	88770	clade	Panarthropoda
KP252627.1.<1.>658	416427	species	Lespesia aletiae
OQ622837.1.<1.>637	1828801	species	Zaphne barbiventris
KT944584.1.<1.>652	205130	species	Mastacembelus armatus
KX295823.1.<1.>507	866066	species	Silusida marginella
JN291055.1.<1.>658	137072	species	Drosophila kanapiae
JF730067.1.<1.>606	214177	species	Idia americalis
MN629774.1.<1.>658	13632	species	Lucilia sericata
PV678636.1.<1.>313	1357312	species	Bittiolum varium
KR513990.1.<1.>594	753188	species	Hypatopa binotella
KR439029.1.<1.>658	1690399	species	Tipula canadensis
KR193689.1.<1.>549	1870011	species	Isophrictis kefersteiniellus
GU665754.1.<1.>658	37567	clade	Ditrysia
CP006508.1.14384.14552,17001.17036,19520.19557,21071.21549,22560.22739,24213.24418,26029.26052,26934.27406	4932	species	Saccharomyces cerevisiae
PQ100324.1.<1.>658	2678236	species	Zama nigrigemma
KJ082873.1.<1.>657	1918211	species	Brachicheta strigata
MG551335.1.<1.>467	104431	clade	Obtectomera
KR602709.1.<1.>555	1890018	species	Gloma luctuosa
MN073624.1.<1.>655	31228	species	Pseudosuccinea columella
MG363976.1.<1.>588	476057	species	Onthophagus aeruginosus
OR507049.1.<1.>649	2490422	species	Spilogona nitidicauda
MN366243.1.<1.144	28609	genus	Rhagoletis
HQ292692.1.<1.>727	4785	species	Phytophthora cinnamomi
MF704702.1.<1.>594	765355	species	Empria basalis
KM373663.1.<1.>652	327685	species	Romanogobio uranoscopus
KM936701.1.<1.>639	1291948	species	Spilogona malaisei
KM943183.1.<1.>594	110850	species	Moria kikuchii
KF052444.1.<1.>632	1178141	species	Parornix anglicella
KR789645.1.<1.>658	2598736	species	Enicospilus maruyamanus
MG968150.1.<1.>307	686601	species	Megaselia rufipes
MH843394.1.<678.>1	2676425	species	Martarega gonostyla
JQ909523.1.<1.>664	1866907	species	Carminda griseldis
PP133823.1.<1.>663	1496333	species	Anopheles maculipalpis
MG093534.1.<1.>407	2890592	species	Leptomorphus forcipatus
OL437781.1.<1.>828	332676	species	Tegeticula elatella
KR971703.1.<1.>567	414276	species	Ophiomyia lantanae
ON842161.1.<1.>655	1514873	species	Robertus vigerens
KY569458.1.<1.>616	1113429	species	Draudtargia merita
KR412442.1.<1.>576	682786	species	Cheritra freja
KT077507.1.<1.>549	1677689	species	Haemagogus janthinomys
HM775947.1.<1.>651	1329466	species	Sphingonotus lluciapomaresi
DQ276406.1.<1.>646	246401	species	Xanthopan morganii
MT329579.1.<1.>598	3039817	species	Microtendipes bimaculatus
KP694328.1.<1.>637	164682	species	Zeugodacus caudatus
MT946178.1.<1.>520	9407	species	Rousettus aegyptiacus
OR077620.1.<1.>795	3050712	species	Hydora musci
OL898461.1.<1.>677	3160958	species	Culicoides pseudolangeroni
OM060418.1.<1.>658	252622	species	Lutzomyia peruensis
MG353943.1.<1.>565	1667461	species	Aclastus solutus
MW899165.1.<1.>658	422244	species	Onthophagus variegatus
MF705273.1.<1.>600	53710	species	Anopheles evansae
MH888554.1.<1.>765	98805	no rank	Bactrocera dorsalis complex
KR785184.1.<1.>567	318590	species	Synopeas pennsylvanicum
MG476333.1.<1.>513	1642228	species	Evandromyia carmelinoi
MG364863.1.<1.>591	1373727	species	Garrha costimacula
KP049995.1.<1.>617	1105311	species	Megaselia longicostalis
MK934137.1.<1.>530	2737832	species	Ophiomyces grandis
FJ225889.1.<1.>577	99232	species	Spinturnix myoti
KX714892.1.<1.>618	885944	species	Stygiopontius pectinatus
OM591363.1.<1.>528	594379	species	Aleurothrixus floccosus
MF720782.1.<1.>579	1477564	species	Phortica subradiata
MW473996.1.<1.>661	268289	species	Lutzomyia hartmanni
MW139307.1.<1.>644	2492637	species	Dicerapanorpa magna
MG355916.1.<1.>321	7422	superfamily	Chalcidoidea
KJ386483.1.<1.>600	1488988	species	Xestia alaskae
MG111460.1.<1.>576	2867170	species	Hydrotaea pandellei
KY842679.1.<1.>658	1588204	species	Longitarsus echii
KU380383.1.<1.>658	7159	species	Aedes aegypti
OL890650.1.<1444.2974	33392	cohort	Endopterygota
MF634096.1.<1.>588	1710660	species	Tachyporus borealis
KR138763.1.<1.>669	111900	species	Erebia cassioides
KT146147.1.<1.>555	271990	species	Phyllonorycter medicaginella
KX295316.1.<1.>658	3144872	species	Tinodes ventralis
DQ276147.1.<1.>606	206113	species	Anopheles peditaeniatus
OL870377.1.<1.>658	104431	clade	Obtectomera
MT605825.1.<1.>799	7038	species	Bemisia tabaci
KR578746.1.<1.>552	984382	species	Laccocera vittipennis
OR533649.1.<1.>656	7376	species	Lucilia illustris
KR113655.1.<1.>552	1410445	species	Folsomia quadrioculata L1
KR096159.1.<1.>603	1720615	species	Punctoribates punctum
JX424248.1.<1.>402	41084	suborder	Polyphaga
KT090082.1.<1.>551	1496503	species	Spilosoma pteridis
MF868117.1.<1.>591	878056	species	Leistus spinibarbis
GU670605.1.<1.>658	9888	species	Muntiacus muntjak
OM593008.1.<1.>519	7148	suborder	Nematocera
EU584414.1.<1.>654	1086771	species	Parasyrphus tarsatus
OP084720.1.<1.>657	696404	species	Galba meridensis
ON564698.1.<1.>633	329107	species	Culiseta morsitans
AM746362.1.<1.>567	406073	species	Pycnoclavella communis
KR664180.1.<1.>537	1209091	species	Leptopeza flavipes
MN139417.1.<1.>658	113348	species	Phyciodes cocyta
KT085577.1.<1.>579	1890538	species	Alliopsis fractiseta
MF708750.1.<1.>564	2727704	species	Stomopteryx basalis
MG352372.1.<1.>588	880977	species	Lissonota sexcincta
MG364711.1.<1.>588	543002	species	Schinia trifascia
AY237724.1.<1.>428	143020	species	Tomicus piniperda
MG872950.1.<1.>658	1816462	species	Hydrotaea chalcogaster
KT098338.1.<1.>588	1291965	species	Spilogona trigonifera
PV644185.1.<1.>307	3422768	species	Cercaria nordica I
KF153366.1.<1.>658	123217	species	Anopheles cracens
OM613359.1.<1.>658	273443	species	Cheilosia latifrons
MG680095.1.<1.>655	1233806	species	Chondropoma blauneri
KT617761.1.<1.>582	2499210	species	Phortica floccipes
KM905553.1.<1.>573	2681389	species	Merodon robustus
HM864243.1.<1.>658	1666607	species	Hypagyrtis esther
OQ736632.1.<1.>637	6548	genus	Mytilus
MW321906.1.<1.>313	308724	species	Culex rubithoracis
MW556521.1.<1.>552	347309	species	Cerylon histeroides
PV433327.1.<1.>605	3349208	species	Tetragonoderus elegans
OM554065.1.<1.>658	1780385	species	Culicoides fulvus
KR523699.1.<1.>591	7173	species	Anopheles arabiensis
KU550707.1.<1.>661	245747	genus	Neoplecostomus
MH841813.1.<1.>474	1557475	species	Gadirtha pulchra
MT293831.1.<1.>561	157729	species	Saccostrea mordax
KR208210.1.<1.>629	40104	species	Agrius cingulata
OM603521.1.<1.>531	1817603	species	Bradysia giraudii
MF704084.1.<1.>658	1725472	species	Pegoplata nigroscutellata
ON325299.1.<1.>658	77504	species	Lysiphlebus testaceipes
KR144503.1.<1.>658	1875476	species	Hydropsyche annulata
OK054200.1.<1.1551	235211	species	Trichiurus japonicus
AY343519.1.<1.203	252143	species	Tephritis bardanae
FJ425931.1.<1.>610	913210	species	Paramunida tricarinata
LC390382.1.<1.>594	696403	species	Galba cousini
KJ166103.1.<1.>658	2116730	species	Vitisiella brevicauda
KR778358.1.<1.>610	1790221	species	Syrphus attenuatus
KR628318.1.<1.>555	688486	species	Morrisonia latex
KX529679.1.<1.>596	338210	species	Necora puber
HQ920819.1.<1.>658	1053733	species	Herbita medama
MN407461.1.<1.>657	3163521	species	Melanochaeta pubescens
GU668395.1.<1.>658	1300245	species	Myzocallis castanicola
AY935410.1.<1.>594	2753940	species	Perixera decretarioides
MK074537.1.<1.>652	91728	genus	Mormyrops
MF762979.1.<1.>594	479409	species	Upogebia major
EU074530.1.<1.>651	497982	species	Bagarius bagarius
KR938903.1.<1.>582	1889836	species	Loxostege oberthuralis
KR422225.1.<1.>588	942941	species	Argyresthia pygmaeella
MN803935.1.<1.>579	686601	species	Megaselia rufipes
MN608227.1.<1.>576	102324	species	Modiolus auriculatus
MH999615.1.<1.>609	498689	species	Phytomyza ranunculivora
HM425578.1.<1.>554	115328	species	Toxomerus geminatus
KT108015.1.<1.>579	2705828	species	Neaveia lamborni
KU602018.1.<1.>1098	321196	species	Sarcophaga misera
KC935234.1.<1.>826	41103	genus	Cercyon
MF820944.1.<1.>552	1828784	species	Limnophyes vrangelensis
OR510003.1.<1.>1089	2927186	species	Patania ultimalis
PP966341.1.<1.>635	80970	species	Amphiprion clarkii
MN346198.1.<1.>624	475340	species	Oxytenis modestia
KR225466.1.<1.>590	374600	species	Agriades glandon
GU126212.1.<1.>583	767804	species	Trevathana sarae
KR391554.1.<1.>546	50586	species	Lepisma saccharinum
HQ168528.1.<1.>570	3128960	species	Micropygomyia villelai
PV198965.1.<1.>658	214255	species	Nadata gibbosa
OM596649.1.<1.>658	1477025	species	Hyposmocoma kahamanoa
OQ402215.1.<1.>827	1545828	species	Puntius paucimaculatus
KU753570.1.<1.>396	104478	species	Stellantchasmus falcatus
HQ552586.1.<1.>658	1377072	species	Stegasta allactis
DQ328829.1.3.>577	174397	species	Pagurus bernhardus
OL673968.1.<1.>687	714606	species	Nephtys cirrosa
AF427035.1.<1.>641	1291904	species	Limnophora uniseta
MW735745.1.<1.>738	2817939	species	Bolinopsis vitrea
MG082607.1.<1.>576	1473643	species	Gaurax pallidipes
MG217320.1.<1.>658	203779	species	Phengaris arion
MT449735.1.<1.>658	370330	species	Calliptamus barbarus
KR977670.1.<1.>546	7184	family	Sciaridae
JQ044097.1.<1.>826	1698222	species	Trochalus vagus
PP309892.1.<1.>708	1003551	species	Dohrniphora fuliginata
JQ416943.1.<1.>655	913305	species	Chrysis schencki
KM446424.1.<1.>632	1410165	species	Isohydnocera curtipennis
HM396672.1.<1.>588	1371213	species	Ardozyga cryptosperma
KR225219.1.<1.>588	1847365	species	Neotelphusa querciella
LN888232.1.<1.>657	2864987	species	Nebria intermedia
HM389520.1.<1.>646	109718	genus	Centropyge
GU675111.1.<1.>658	2680515	species	Gymnophora luteiventris
MF719929.1.<1.>564	2720514	species	Boreoheptagyia sarymsactyensis
KR196620.1.<1.>579	325842	species	Manduca hannibal
KR148641.1.<1.>610	515277	species	Ephemera orientalis
OL438579.1.<1.>828	1101010	species	Idaea rusticata
KM842820.1.<1.>572	2083653	species	Oxygonus obesus
KM629045.1.<1.>538	1822596	species	Tipula penobscot
KR282123.1.<1.>593	414262	species	Chromatomyia fuscula
MK296296.1.<1.>1141	1285437	species	Amoya chusanensis
MF862435.1.<1.>591	1701714	species	Megaselia lucifrons
KR681425.1.<1.>589	1887991	species	Incertella minor
KM541054.1.<1.>614	1150093	species	Coleophora trochilella
MF714319.1.<1.>573	156924	species	Deronectes bicostatus
MT607544.1.<1.>618	768769	species	Minettia lupulina
GU126157.1.<1.>583	261894	species	Jehlius cirratus
KR784618.1.<1.>588	375433	species	Microplitis mediator
MF908609.1.<1.>567	161253	species	Galerucella pusilla
KR398757.1.<1.>585	104431	clade	Obtectomera
KR237779.1.<1.>525	335710	species	Bradysia impatiens
OQ611134.1.<1.>658	1260847	species	Zygoneura flavicornis
MN349789.1.<1.>644	1372312	species	Crocidosema plebejana
OM582093.1.<1.>646	1560368	species	Rhinoprotoma masneri
KM633861.1.<1.>582	44543	subgenus	Nyssorhynchus
GU687338.1.<1.>655	1377243	species	Syringoseca mimica
KR378989.1.<1.>546	873096	species	Sergentomyia dreyfussi
MG093793.1.<1.>576	1588688	species	Dicranomyia didyma
KR950001.1.<1.>594	263926	species	Yponomeuta irrorellus
MZ631338.1.<1.>656	697243	species	Simulium lineatum
KF808897.1.<1.>307	46877	tribe	Drosophilini
LC145403.1.<1.>541	95247	species	Leuconycta diphteroides
JX008205.1.<1.>658	696404	species	Galba meridensis
JN545677.1.<1.>632	398667	species	Promachocrinus kerguelensis
MG359991.1.<1.>527	453066	species	Haplothrips leucanthemi
LC176395.1.<1.1414	33392	cohort	Endopterygota
KF144862.1.<688.>1	185844	species	Panorpa debilis
GU710033.1.<1.>638	1132395	species	Psychoda phalaenoides
MG172993.1.<1.>582	1473664	species	Neoascia metallica
PQ504339.1.<1.>660	753373	species	Myrmecozela ochraceella
MG122037.1.<1.>580	2338625	species	Polyardis silvalis
JF492973.1.<1.>557	458611	species	Stromateus brasiliensis
GU803946.1.<1.>658	741598	species	Marthula quadrata
KU064506.1.<1.>623	332931	species	Saturnia pavonia
JF435984.1.<1.>657	1446195	species	Platypalpus caucasicus
MN053135.1.<1.>658	36984	species	Cryptocercus punctulatus
KR807589.1.<1.>622	1419303	species	Microplitis lugubris
OR112724.1.<1.>650	533011	species	Xenograpsus testudinatus
MT370135.1.<1.>876	398592	species	Cybister guerini
KR475135.1.<1.>564	1692480	species	Phthitia ovicercus
PP945716.1.<1.>658	2487296	species	Metopoloba pruinosa
KY618343.1.<1.>602	2989593	species	Raymunida elegantissima
JX234054.1.<1.>826	290678	genus	Cetonia
MG047191.1.<1.>579	1590077	species	Limnophyes anderseni
KF932066.1.<1.>647	6551	species	Mytilus trossulus
KR343607.1.<1.>528	680436	species	Kleidocerys resedae
AY642308.1.<1.768	47732	genus	Cataglyphis
MN346557.1.<1.>621	50432	species	Ascalapha odorata
OQ483575.1.<1.>312	533028	species	Procontarinia matteiana
LC800592.1.<1.>548	237660	species	Mecistocirrus digitatus
PV676793.1.<1.>313	255486	species	Litiopa melanostoma
MF744746.1.<1.>624	209976	species	Cerobasis guestfalica
KU314846.1.<1.>1126	1458938	species	Luciogobius ryukyuensis
MN139617.1.<1.>658	283845	species	Hyles livornicoides
MH592885.1.<1.>658	594118	species	Tephritis nigricauda
KR613390.1.<1.>564	3112095	species	Phalga sinuosa
OK349214.1.<1.>521	1655255	species	Ocyptamus crocatus
HQ938198.1.<1.>658	1891014	species	Phronia tenuis
MN132385.1.<1.>549	1372462	species	Cryptophasa tetrazona
KR241695.1.<1.>592	1260805	species	Austrosciara hyalipennis
MZ657135.1.<1.>658	1267237	species	Gyrinus dubius
KR393400.1.<1.>588	1677688	species	Culex theobaldi
KR914762.1.<1.>652	1762060	species	Gobius ateriformis
MN184081.1.<1.>658	3046878	species	Glyphocrangon faxoni
PQ276551.1.<1.>589	529118	species	Stolephorus indicus
MG447236.1.<1.>621	1384709	species	Pamphilius varius
HM400333.1.<1.>658	33213	clade	Bilateria
MZ508474.1.<1.>656	81069	species	Luehdorfia chinensis
KJ395030.1.<1.>613	150235	species	Cicindela maroccana
MG289361.1.<1.>588	1692426	species	Pipunculus luteicornis
MF867130.1.<1.>564	2590960	species	Amiota deltoidea
OR459418.1.<1.>616	357443	species	Simulium truncatum
OM595178.1.<1.>618	3056726	species	Canesia canescens
MG382233.1.<1.>591	288840	species	Prodiamesa olivacea
MZ421674.1.<1.>624	879489	species	Enneapterygius tutuilae
GQ328961.1.<1.>647	84307	species	Derocheilocaris typica
KR600597.1.<1.>555	2233719	species	Cecropterus bathyllus
MF934753.1.<1.>609	689064	species	Autographa ampla
MW385243.1.<1.>479	696403	species	Galba cousini
HQ558525.1.<1.>658	409018	species	Cynomops planirostris
MT107468.1.<1.>576	695564	family	Erebidae
KR468002.1.<1.>561	43742	no rank	Calyptratae
MH991124.1.<475.>1	1425520	species	Longitarsus candidulus
OQ502635.1.<1.>312	13632	species	Lucilia sericata
GU907960.1.<1.>639	120878	species	Ochlerotatus sticticus
MG511323.1.<1.>497	611450	species	Corynoneura scutellata
KY488658.1.<1.>665	414265	species	Phytomyza syngenesiae
KP902416.1.<1.>481	1483021	species	Garra festai
OR924035.1.<1.>654	445509	species	Chindongo elongatus
OM609394.1.<1.>546	1206072	species	Culiseta longiareolata
PV852049.1.<1.>570	390314	species	Cookeolus japonicus
OQ434730.1.<1.>626	98310	species	Sinonovacula constricta
MF880520.1.<1.>576	137042	species	Bactrocera zonata
KJ940564.1.<1.>1448	33392	cohort	Endopterygota
PQ062102.1.<1.>643	696403	species	Galba cousini
OK120450.1.<1.>662	599119	species	Eucera nipponensis
PV786421.1.<1.>199	8901	species	Nycticorax nycticorax
HQ925257.1.<1.>658	2005329	species	Tapinoma magnum
JN640771.1.<1.>652	235211	species	Trichiurus japonicus
KU911314.1.<1.>658	287208	species	Adscita geryon
PV642261.1.5474.7018	209042	species	Velarifictorus micado
KR276023.1.<1.>546	1805593	species	Apertochrysa kichijoi
MG473407.1.<1.>526	679095	species	Melanargia ines
JF434770.1.<1.>655	192405	species	Sturnira ludovici
HM102797.1.<1.>658	1291795	species	Helina reversio
KT117279.1.<1.>591	164855	species	Dacus vertebratus
OP587079.1.<1.>658	741478	species	Eulepidotis testaceiceps
MH611060.1.<1.>658	3056719	species	Spicauda simplicius
MZ317573.1.<1.>678	274704	subfamily	Pteroinae
KY176571.1.<1.>642	8245	species	Xiphias gladius
LC326565.1.<1.>414	1168679	species	Rhyothemis severini
KT448673.1.<1.1538	104431	clade	Obtectomera
GU126097.1.<1.>583	1232801	species	Amphibalanus amphitrite
MN670379.1.<1.>640	1560379	species	Homidia sinensis
KP648641.1.<1.>591	1108580	species	Estrandia grandaeva
HM872962.1.<1.>658	95213	species	Gluphisia septentrionis
MF852252.1.<1.>588	1987665	species	Megaselia zonata
GU723011.1.<1.>652	225400	species	Myotis davidii
KJ654029.1.<1.>641	983660	species	Salisapilia sapeloensis
OR173375.1.<1.>421	3054721	species	Tenuiphantes sabulosus
MG318110.1.<1.>574	7164	genus	Anopheles
KR289532.1.<1.>579	1690371	species	Arctopelopia melanosoma
PP495348.1.<1.>658	554364	species	Merodon erivanicus
KF059171.1.<1.>650	1906499	species	Corvus moriorum
PP536074.1.1926.3459	41197	parvorder	Heteroneura
KR444016.1.<1.>567	611509	species	Limnophyes asquamatus
KT709102.1.<1.>618	7038	species	Bemisia tabaci
MG080464.1.<1.>582	1692337	species	Bicellaria furcifer
JX657943.1.<1.>308	1588514	species	Trachyphloeus scabriculus
KR683916.1.<1.>588	113150	species	Trichopalpus punctipes
MG311128.1.<1.>576	7371	family	Calliphoridae
KX351338.1.<1.>658	1452974	species	Protohermes costalis
MW358135.1.<1.>505	2798054	species	Coniceromyia bellatula
OQ526286.1.<1.>633	1872030	species	Brigittea civica
LT671747.1.<1.>642	2259709	species	Mastoptera minuta
AY319468.1.<1.>615	12992	genus	Cassiopea
KR511504.1.<1.>540	253426	species	Helina lasiophthalma
KM620339.1.<1.>571	1385863	species	Dicyrtoma fusca
LC109618.1.<1.>503	2748664	species	Xenostrongylus variegatus
MF934027.1.<1.>576	1656435	species	Dikraneura mali
FJ027956.1.<1.>694	9248	species	Turnix sylvaticus
KM927347.1.<1.>609	7297	species	Zaprionus tuberculatus
MF603499.1.<1.>591	1906390	species	Cryptopygus terranovus
KJ012289.1.<1.>655	1604648	species	Jaydia truncata
AB503753.1.<1.>658	172761	species	Aegla alacalufi
HM559979.1.<617.>1	761901	species	Tegula turbinatum
AF494033.1.<412.>1	166526	species	Potamonautes perlatus
KX009848.1.<1.>623	366393	species	Flaccisagitta enflata
DQ431226.1.<1.>806	107842	subfamily	Dytiscinae
EU148278.1.<1.>652	652446	species	Mulloidichthys flavolineatus
DQ157514.1.86.1549	33340	infraclass	Neoptera
KT087358.1.<1.>573	2797495	species	Winthemia singularis
KY006179.1.<1.>585	2049355	species	Rotaria megarostris
KY244110.1.<1.>753	369650	species	Onychostoma lepturus
MF905906.1.<1.>579	2929217	species	Automeris lemensis
LC476565.1.1.1566	2567821	species	Dibothriocephalus nihonkaiensis
KR963676.1.<1.>588	1692474	species	Opacifrons convexa
KJ918112.1.<1.>459	2828436	species	Diestramima triangulata
KM621051.1.<1.>543	2890513	species	Chrysopilus luteolus
OQ176500.1.<1.>637	1166907	species	Bembidion siticum
MG103886.1.<1.>600	2420263	species	Cardiodactylus quatei
KJ090951.1.<1.>632	1790242	species	Tipula arctica
KJ719613.1.<1.>619	40077	species	Phoebis sennae
KX424756.1.<1.>586	1870133	species	Ocnogyna corsica
MF875793.1.<1.>564	869065	species	Anopheles vestitipennis
KR881586.1.<1.>588	1763951	species	Phygadeuon solidus
OM547277.1.<1.>552	1817618	species	Bradysia trivittata
EU525287.1.<1.>629	452595	species	Mops midas
LC727219.1.<1.>658	536884	species	Agonum muelleri
KF611441.1.<1.>574	13733	species	Trichiurus lepturus
KM115445.1.<1.>450	1377700	species	Xenogenes gloriosa
JX219734.1.<1424.2960	33392	cohort	Endopterygota
KC617353.1.<1.>658	186178	species	Pleopis polyphemoides
OR336674.1.<1.>658	2203607	species	Richia herculeana
KT082102.1.<1.>579	1473672	species	Pelastoneurus vagans
KP194422.1.<1.>652	647220	species	Brama australis
OQ499624.1.<1.>306	114594	species	Psychoda alternata
KM538563.1.<1.>663	673856	species	Sphyraena chrysotaenia
HQ189962.1.<1.>369	1050811	species	Labiostomum talkeetnaeuris
MG119641.1.<1.>567	95222	subfamily	Herminiinae
KR208347.1.<1.>537	37781	species	Rhodinia fugax
KR258665.1.<1.>567	421459	species	Simulium silvestre
KM577119.1.<1.>632	1562003	species	Chrysops aestuans
GQ921620.1.<1.>655	31228	species	Pseudosuccinea columella
KR130568.1.<1.>592	113238	genus	Exorista
KC005423.1.77.>790	7658	species	Parechinus angulosus
KY211664.1.<1.>658	2582724	species	Nurus popplei
KX072518.1.<1.>658	687054	species	Perispasta caeculalis
HQ920899.1.<1.>658	214302	species	Peridea basitriens
OQ471900.1.<1.>553	141827	species	Corynosoma strumosum
MG376792.1.<1.>577	239223	species	Ectopsocus meridionalis
MZ407977.1.<1.>615	33340	infraclass	Neoptera
KF492143.1.<1.>658	559649	species	Hydrotaea irritans
KM552111.1.<1.>632	420856	species	Ducetia japonica
MF816273.1.<1.>567	1659361	species	Emblyna maxima
MN304984.1.<1.>721	211171	species	Mesocriconema xenoplax
KR883517.1.<1.>470	571775	species	Myrmica lobifrons
GQ153609.1.<1.>1470	197562	clade	Pancrustacea
AY356587.1.<1.>627	1977302	species	Trapezia speciosa
MN083185.1.1410.2949	98805	no rank	Bactrocera dorsalis complex
KJ909404.1.<1.>655	280671	species	Carcharhinus sorrah
MW039190.1.<1.>658	7400	suborder	Apocrita
KY267387.1.<1.>634	948031	species	Macrourus whitsoni
LC326716.1.<1.>414	42840	species	Anopheles rangeli
KR284064.1.<1.>611	1348418	species	Ablabesmyia americana
KR974988.1.<1.>582	705211	species	Tolype nana
KM917461.1.<1.>593	42300	subfamily	Theclinae
PQ066263.1.<1.>629	145758	species	Monadenia fidelis
MF721924.1.<1.>567	307206	species	Helina evecta
KU564135.1.<1.>524	1336540	species	Obama fryi
JX474575.1.<1.>660	989021	species	Euxoa castanea
KR345828.1.<1.>571	1656712	species	Nysius groenlandicus
GU161040.1.<1.>635	2607063	species	Eucelatoria auriceps
JN275872.1.<1.>658	41430	species	Anopheles messeae
OP587167.1.<1.>658	869065	species	Anopheles vestitipennis
PV852548.1.<1.>552	13732	genus	Trichiurus
KR788076.1.<1.>621	84691	species	Metapenaeopsis commensalis
KU376868.1.<1.>850	135895	species	Aleochara sparsa
OR691710.1.<1.>502	1056814	species	Amphitrite cirrata
JN267623.1.<1.>658	1100953	species	Coleophora glitzella
MG411361.1.<1.>588	327088	species	Dolichopus nubilus
HM384388.1.<1.>658	1619205	species	Araneus omnicolor
KR636912.1.<1.>588	309676	species	Oligoneuriella rhenana
KU131044.1.5341.6891	3014016	species	Rhingia louguanensis
KR858142.1.<1.>634	1734383	species	Hemidactylus tenkatei
KR246408.1.<1.>588	1473659	species	Mycetophila caudata
KM629322.1.<1.>589	2049308	species	Culicoides herero
KM236211.1.<1.>655	204814	species	Lagocephalus lunaris
OR339807.1.<1.>575	1534845	species	Saccostrea scyphophilla
MK025224.1.<1.>789	931571	species	Anomala corpulenta
MG131200.1.<1.>588	709462	species	Sciara humeralis
KR679825.1.<1.>591	705147	species	Euclea zygia
KT708430.1.<1.>637	41080	genus	Agonum
ON841755.1.<1.>658	2979772	species	Eudocima caesar
KR129232.1.<1.>602	663885	species	Furcula occidentalis
JF301905.1.<1.>646	282293	species	Tagelus dombeii
MG399628.1.<1.>567	1100919	species	Archips xylosteana
JX460924.1.<1.>653	2498658	species	Amphinemura decemseta
KM970035.1.<1.>577	2881617	species	Boletina verticillata
MF664698.1.<1.>599	88663	species	Beryx splendens
JQ920464.1.<1.>468	6125	order	Scleractinia
HQ150828.1.<1.>613	987921	species	Deltote deceptoria
MN400756.1.<1436.2966	28586	species	Anastrepha ludens
MK510795.1.<1.>713	13191	species	Pectinophora gossypiella
JN659817.1.<1.>654	425631	species	Coenocorypha aucklandica
GU141735.1.<1.>143	694115	species	Microgaster deductor
OK065177.1.<1.>658	1888015	species	Pullimosina heteroneura
KX052792.1.<1.>390	3088734	species	Syntormon dukha
MF907128.1.<1.>579	1926356	species	Aslauga kallimoides
MW443916.1.<1.>655	31228	species	Pseudosuccinea columella
KM570284.1.<1.>658	1459891	species	Platycheirus quadratus
HM391561.1.<1.>658	1678908	species	Metaterpna batangensis
MG504942.1.<1.>555	658853	species	Palla violinitens
KT604687.1.<1.>510	295817	species	Colydium elongatum
MF602858.1.<1.>588	65466	species	Lucilia caesar
KP193746.1.<1.>602	1659926	species	Dictyna arundinacea
KR520353.1.<1.>576	1945570	species	Tabanus par
